sample,sample_count,SCINPAS_PAS_id,gene,ref_gene_id,ref_transcript_id,iso_transcript_id,category,ref_aa,iso_aa,note
863ee447-1262-4d09-b98b-4f3a3976eaa5,138,PAS_22397868,ADGRA3,ENSG00000152990.14,ENST00000282943.9,novel_ENSG00000152990.14|UE_6a296f5f1d6be75a8717d3bd8b30d2d9|5pSS_22398138|PAS_22397868,good,MMRVMPCQVDLTNNRIGCLNADIFRGLTNLVRLNLSGNLFSSLSQGTFDYLASLRSLEFQTEYLLCDCNILWMHRWVKEKNITVRDTRCVYPKSLQAQPVTGVKQELLTCDPPLELPSFYMTPSHRQVVFEGDSLPFQCMASYIDQDMQVLWYQDGRIVETDESQGIFVEKNMIHNCSLIASALTISNIQAGSTGNWGCHVQTKRGNNTRTVDIVVLESSAQYCPPERVVNNKGDFRWPRTLAGITAYLQCTRNTHGSGIYPGNPQDERKAWRRCDRGGFWADDDYSRCQYANDVTRVLYMFNQMPLNLTNAVATARQLLAYTVEAANFSDKMDVIFVAEMIEKFGRFTKEEKSKELGDVMVDIASNIMLADERVLWLAQREAKACSRIVQCLQRIATYRLAGGAHVYSTYSPNIALEAYVIKSTGFTGMTCTVFQKVAASDRTGLSDYGRRDPEGNLDKQLSFKCNVSNTFSSLALKQKRELRPTDDSLYKLQLIAFRNGKLFPATGNSTNLADDGKRRTVVTPVILTKIDGVNVDTHHIPVNVTLRRIAHGADAVAARWDFDLLNGQGGWKSDGCHILYSDENITTIQCYSLSNYAVLMDLTGSELYTQAASLLHPVVYTTAIILLLCLLAVIVSYIYHHSLIRISLKSWHMLVNLCFHIFLTCVVFVGGITQTRNASICQAVGIILHYSTLATVLWVGVTARNIYKQVTKKAKRCQDPDEPPPPPRPMLRFYLIGGGIPIIVCGITAAANIKNYGSRPNAPYCWMAWEPSLGAFYGPASFITFVNCMYFLSIFIQLKRHPERKYELKEPTEEQQRLAANENGEINHQDSMSLSLISTSALENEHTFHSQLLGASLTLLLYVALWMFGALAVSLYYPLDLVFSFVFGATSLSFSAFFVVHHCVNREDVRLAWIMTCCPGRSSYSVQVNVQPPNSNGTNGEAPKCPNSSAESSCTNKSASSFKNSSQGCKLTNLQAAAAQCHANSLPLNSTPQLDNSLTEHSMDNDIKMHVAPLEVQFRTNVHSSRHHKNRSKGHRASRLTVLREYAYDVPTSVEGSVQNGLPKSRLGNNEGHSRSRRAYLAYRERQYNPPQQDSSDACSTLPKSSRNFEKPVSTTSKKDALRKPAVVELENQQKSYGLNLAIQNGPIKSNGQEGPLLGTDSTGNVRTGLWKHETTV,MMRVMPCQVDLTNNRIGCLNADIFRGLTNLVRLNLSGNLFSSLSQGTFDYLASLRSLEFQTEYLLCDCNILWMHRWVKEKNITVRDTRCVYPKSLQAQPVTGVKQELLTCDPPLELPSFYMTPSHRQVVFEGDSLPFQCMASYIDQDMQVLWYQDGRIVETDESQGIFVEKNMIHNCSLIASALTISNIQAGSTGNWGCHVQTKRGNNTRTVDIVVLESSAQYCPPERVVNNKGDFRWPRTLAGITAYLQCTRNTHGSGIYPGNPQDERKAWRRCDRGGFWADDDYSRCQYANDVTRVLYMFNQMPLNLTNAVATARQLLAYTVEAANFSDKMDVIFVAEMIEKFGRFTKEEKSKELGDVMVDIASNIMLADERVLWLAQREAKACSRIVQCLQRIATYRLAGGAHVYSTYSPNIALEAYVIKSTGFTGMTCTVFQKVAASDRTGLSDYGRRDPEGNLDKQLSFKCNVSNTFSSLALKQKRELRPTDDSLYKLQLIAFRNGKLFPATGNSTNLADDGKRRTVVTPVILTKIDGVNVDTHHIPVNVTLRRIAHGADAVAARWDFDLLNGQGGWKSDGCHILYSDENITTIQCYSLSNYAVLMDLTGSELYTQAASLLHPVVYTTAIILLLCLLAVIVSYIYHHSLIRISLKSWHMLVNLCFHIFLTCVVFVGGITQTRNASICQAVLLHICKQTAYKKSDDGSQINYIHV-KIAPLCSQSFSSSSCR-LPLTLQVSLYCYCFGDSVPVSPSVILWTCIILFSCC--RHTRDWVI ,
4c34db2e-e3cd-46d9-85ac-4277a1f036f1,128,PAS_94728653,CYP2C18,ENSG00000108242.13,ENST00000339022.6,novel_ENSG00000108242.13|UE_e33f6e02edfb82138d48f66f3b9a05d4|5pSS_94728555|PAS_94728653,good,MDPAVALVLCLSCLFLLSLWRQSSGRGRLPSGPTPLPIIGNILQLDVKDMSKSLTNFSKVYGPVFTVYFGLKPIVVLHGYEAVKEALIDHGEEFSGRGSFPVAEKVNKGLGILFSNGKRWKEIRRFCLMTLRNFGMGKRSIEDRVQEEARCLVEELRKTNASPCDPTFILGCAPCNVICSVIFHDRFDYKDQRFLNLMEKFNENLRILSSPWIQEKHNQQSEFTVESLIATVTDMFGAGTETTSTTLRYGLLLLLKYPEVTAKVQEEIECVVGRNRSPCMQDRSHMPYTDAVVHEIQRYIDLLPTNLPHAVTCDVKFKNYLIPKGTTIITSLTSVLHNDKEFPNPEMFDPGHFLDKSGNFKKSDYFMPFSAGKRMCMGEGLARMELFLFLTTILQNFNLKSQVDPKDIDITPIANAFGRVPPLYQLCFIPV ,MDPAVALVLCLSCLFLLSLWRQSSGRGRLPSGPTPLPIIGNILQLDVKDMSKSLTNFSKVYGPVFTVYFGLKPIVVLHGYEAVKEALIDHGEEFSGRGSFPVAEKVNKGLGILFSNGKRWKEIRRFCLMTLRNFGMGKRSIEDRVQEEARCLVEELRKTNASPCDPTFILGCAPCNVICSVIFHDRFDYKDQRFLNLMEKFNENLRILSSPWIQEKHNQQSEFTVESLIATVTDMFGAGTETTSTTLRYGLLLLLKYPEVTAKVQEEIECVVGRNRSPCMQDRSHMPYTDAVVHEIQRYIDLLPTNLPHAVTCDVKFKNYLIPKVGFISDEEFPHVF,best one
98062285-0c29-46a3-b955-2df64d7692ee,128,PAS_94728653,CYP2C18,ENSG00000108242.13,ENST00000285979.11,novel_ENSG00000108242.13|UE_8aad2ea255a0ef1c32c6077f763c9b99|5pSS_94728555|PAS_94728653,good,MDPAVALVLCLSCLFLLSLWRQSSGRGRLPSGPTPLPIIGNILQLDVKDMSKSLTNFSKVYGPVFTVYFGLKPIVVLHGYEAVKEALIDHGEEFSGRGSFPVAEKVNKGLGILFSNGKRWKEIRRFCLMTLRNFGMGKRSIEDRVQEEARCLVEELRKTNASPCDPTFILGCAPCNVICSVIFHDRFDYKDQRFLNLMEKFNENLRILSSPWIQVCNNFPALIDYLPGSHNKIAENFAYIKSYVLERIKEHQESLDMNSARDFIDCFLIKMEQEKHNQQSEFTVESLIATVTDMFGAGTETTSTTLRYGLLLLLKYPEVTAKVQEEIECVVGRNRSPCMQDRSHMPYTDAVVHEIQRYIDLLPTNLPHAVTCDVKFKNYLIPKGTTIITSLTSVLHNDKEFPNPEMFDPGHFLDKSGNFKKSDYFMPFSAGKRMCMGEGLARMELFLFLTTILQNFNLKSQVDPKDIDITPIANAFGRVPPLYQLCFIPV      ,MDPAVALVLCLSCLFLLSLWRQSSGRGRLPSGPTPLPIIGNILQLDVKDMSKSLTNFSKVYGPVFTVYFGLKPIVVLHGYEAVKEALIDHGEEFSGRGSFPVAEKVNKGLGILFSNGKRWKEIRRFCLMTLRNFGMGKRSIEDRVQEEARCLVEELRKTNASPCDPTFILGCAPCNVICSVIFHDRFDYKDQRFLNLMEKFNENLRILSSPWIQVCNNFPALIDYLPGSHNKIAENFAYIKSYVLERIKEHQESLDMNSARDFIDCFLIKMEQEKHNQQSEFTVESLIATVTDMFGAGTETTSTTLRYGLLLLLKYPEVTAKVQEEIECVVGRNRSPCMQDRSHMPYTDAVVHEIQRYIDLLPTNLPHAVTCDVKFKNYLIPKVGFISDEEFPHVF,
26e93a7e-353d-4774-aa61-34b0737ba6c6,84,PAS_98506495,CLDND1,ENSG00000080822.17,ENST00000502288.5,novel_ENSG00000080822.17|UE_7f2f0c4be433f26245fe525570dc0bff|5pSS_98506747|PAS_98506495,good,MGESFDVVTKCVSFTLTEQFMEKFVDPGNHNSGIDLLRTYLWRCQFLLPFVSLGLMCFGALIGLCACICRSLYPTIATGILHLLAEN,MGESFDVVTKCVSFTLTEQFMEKFVDPGNHNSGIDLLRTYLWRCQFLLPFVSLGLMCFGALIGLCACICRSLYPTIATGILHLLADTML,
6c8ba378-3d51-46a8-ac10-41652da21459,84,PAS_98506495,CLDND1,ENSG00000080822.17,ENST00000507874.5,novel_ENSG00000080822.17|UE_075c03807d907573cbc712a013ee07a1|5pSS_98506747|PAS_98506495,good,MDNRFATAFVIACVLSLISTIYMAASIGTDFWYEYRSPVQENSSDLNKSIWDEFISDEADEKTYNDALFRYNGTVGLWRRCITIPKNMHWYSPPERTESFDVVTKCVSFTLTEQFMEKFVDPGNHNSGIDLLRTYLWRCQFLLPFVSLGLMCFGALIGLCACICRSLYPTIATGILHLLAVTKESMLPAGAESKHTATPAHACVQTGKPK,MDNRFATAFVIACVLSLISTIYMAASIGTDFWYEYRSPVQENSSDLNKSIWDEFISDEADEKTYNDALFRYNGTVGLWRRCITIPKNMHWYSPPERTESFDVVTKCVSFTLTEQFMEKFVDPGNHNSGIDLLRTYLWRCQFLLPFVSLGLMCFGALIGLCACICRSLYPTIATGILHLLADTML,
cdd3341f-b11c-4b79-b1bc-fd0bc958983a,72,PAS_68379070,LRP5,ENSG00000162337.12,ENST00000529993.5,novel_ENSG00000162337.12|UE_d082ed28f1b7f0f89cfa4e5d12abba05|5pSS_68375230|PAS_68379070,good,MEAAPPGPPWPLLLLLLLLLALCGCPAPAAASPLLLFANRRDVRLVDAGGVKLESTIVVSGLEDAAAVDFQFSKGAVYWTDVSEEAIKQTYLNQTGAAVQNVVISGLVSPDGLACDWVGKKLYWTDSETNRIEVANLNGTSRKVLFWQDLDQPRAIALDPAHGYMYWTDWGETPRIERAGMDGSTRKIIVDSDIYWPNGLTIDLEEQKLYWADAKLSFIHRANLDGSFRQKVVEGSLTHPFALTLSGDTLYWTDWQTRSIHACNKRTGGKRKEILSALYSPMDIQVLSQERQPFFHTRCEEDNGGCSHLCLLSPSEPFYTCACPTGVQLQDNGRTCKAGAEEVLLLARRTDLRRISLDTPDFTDIVLQVDDIRHAIAIDYDPLEGYVYWTDDEVRAIRRAYLDGSGAQTLVNTEINDPDGIAVDWVARNLYWTDTGTDRIEVTRLNGTSRKILVSEDLDEPRAIALHPVMG,MEAAPPGPPWPLLLLLLLLLALCGCPAPAAASPLLLFANRRDVRLVDAGGVKLESTIVVSGLEDAAAVDFQFSKGAVYWTDVSEEAIKQTYLNQTGAAVQNVVISGLVSPDGLACDWVGKKLYWTDSETNRIEVANLNGTSRKVLFWQDLDQPRAIALDPAHGYMYWTDWGETPRIERAGMDGSTRKIIVDSDIYWPNGLTIDLEEQKLYWADAKLSFIHRANLDGSFRQKVVEGSLTHPFALTLSGDTLYWTDWQTRSIHACNKRTGGKRKEILSALYSPMDIQVLSQERQPFFHTRCEEDNGGCSHLCLLSPSEPFYTCACPTGVQLQDNGRTCKAVPCALGSVIEDTAPGPQVC,
4fd3d968-f8ba-445e-93c9-b87c79c66222,70,PAS_119385992,HAO2,ENSG00000116882.15,ENST00000325945.4,novel_ENSG00000116882.15|UE_792f09927d6b5544aa53fbb549930557|5pSS_119385144|PAS_119385992,good,MSLVCLTDFQAHAREQLSKSTRDFIEGGADDSITRDDNIAAFKRIRLRPRYLRDVSEVDTRTTIQGEEISAPICIAPTGFHCLVWPDGEMSTARAAQAAGICYITSTFASCSLEDIVIAAPEGLRWFQLYVHPDLQLNKQLIQRVESLGFKALVITLDTPVCGNRRHDIRNQLRRNLTLTDLQSPKKGNAIPYFQMTPISTSLCWNDLSWFQSITRLPIILKGILTKEDAELAVKHNVQGIIVSNHGGRQLDEVLASIDALTEVVAAVKGKIEVYLDGGVRTGNDVLKALALGAKCIFLGRPILWGLACKGEHGVKEVLNILTNEFHTSMALTGCRSVAEINRNLVQFSRL,MSLVCLTDFQAHAREQLSKSTRDFIEGGADDSITRDDNIAAFKRIRLRPRYLRDVSEVDTRTTIQGEEISAPICIAPTGFHCLVWPDGEMSTARAPEGLRWFQLYVHPDLQLNKQLIQRVESLGFKALVITLDTPVCGNRRHDIRNQLRRNLTLTDLQSPKKAFIEHLLCARHCG,
4fd3d968-f8ba-445e-93c9-b87c79c66222,70,PAS_119385992,HAO2,ENSG00000116882.15,ENST00000361035.8,novel_ENSG00000116882.15|UE_45766a0b59cd5a6d5b4881460f8a28a8|5pSS_119385144|PAS_119385992,good,MEDKMWSECEGPEMSLVCLTDFQAHAREQLSKSTRDFIEGGADDSITRDDNIAAFKRIRLRPRYLRDVSEVDTRTTIQGEEISAPICIAPTGFHCLVWPDGEMSTARAAQAAGICYITSTFASCSLEDIVIAAPEGLRWFQLYVHPDLQLNKQLIQRVESLGFKALVITLDTPVCGNRRHDIRNQLRRNLTLTDLQSPKKGNAIPYFQMTPISTSLCWNDLSWFQSITRLPIILKGILTKEDAELAVKHNVQGIIVSNHGGRQLDEVLASIDALTEVVAAVKGKIEVYLDGGVRTGNDVLKALALGAKCIFLGRPILWGLACKGEHGVKEVLNILTNEFHTSMALTGCRSVAEINRNLVQFSRL,MEDKMWSECEGPEMSLVCLTDFQAHAREQLSKSTRDFIEGGADDSITRDDNIAAFKRIRLRPRYLRDVSEVDTRTTIQGEEISAPICIAPTGFHCLVWPDGEMSTARAAQAAGICYITSTFASCSLEDIVIAAPEGLRWFQLYVHPDLQLNKQLIQRVESLGFKALVITLDTPVCGNRRHDIRNQLRRNLTLTDLQSPKKAFIEHLLCARHCG,
bf424b14-03e8-43a3-a978-ff5fb436886c,70,PAS_119385992,HAO2,ENSG00000116882.15,ENST00000457318.5,novel_ENSG00000116882.15|UE_04cf99baf3be50a44ce35d2628503b23|5pSS_119385144|PAS_119385992,good,MSLVCLTDFQAHAREQLSKSTRDFIEGGADDSITRDDNIAAFKRIRLRPRYLRDVSEVDTRTTIQGEEISAPICIAPTGFHCLVWPDGEMSTARAPEGLRWFQLYVHPDLQLNKQLIQRVESLGFKALVITLDTPVCGNRRHDIRNQLRRNLTLTDLQSPKKGNAIPYFQMTPISTSLCWNDLSWF,MSLVCLTDFQAHAREQLSKSTRDFIEGGADDSITRDDNIAAFKRIRLRPRYLRDVSEVDTRTTIQGEEISAPICIAPTGFHCLVWPDGEMSTARAAQAAGICYITSTFASCSLEDIVIAAPEGLRWFQLYVHPDLQLNKQLIQRVESLGFKALVITLDTPVCGNRRHDIRNQLRRNLTLTDLQSPKKAFIEHLLCARHCG,
717793cb-c840-4f7c-850d-cb80edb1b6b7,60,PAS_10999748,ELOVL2,ENSG00000197977.4,ENST00000354666.4,novel_ENSG00000197977.4|UE_9337482aa1a756d221ee8d755120dcea|5pSS_10999918|PAS_10999748,good,MEHLKAFDDEINAFLDNMFGPRDSRVRGWFMLDSYLPTFFLTVMYLLSIWLGNKYMKNRPALSLRGILTLYNLGITLLSAYMLAELILSTWEGGYNLQCQDLTSAGEADIRVAKVLWWYYFSKSVEFLDTIFFVLRKKTSQITFLHVYHHASMFNIWWCVLNWIPCGQSFFGPTLNSFIHILMYSYYGLSVFPSMHKYLWWKKYLTQAQLVQFVLTITHTMSAVVKPCGFPFGCLIFQSSYMLTLVILFLNFYVQTYRKKPMKKDMQEPPAGKEVKNGFSKAYFTAANGVMNKKAQ,MEHLKAFDDEINAFLDNMFGPRDSRVRGWFMLDSYLPTFFLTVMYLLSIWLGNKYMKNRPALSLRGILTLYNLGITLLSAYMLAELILSTWEGGYNLQCQDLTSAGEADIRRTN,
fc962f33-2c10-44e8-8eff-c5375c02c151,135,PAS_43855670,MAOB,ENSG00000069535.14,ENST00000378069.5,novel_ENSG00000069535.14|UE_66fd27e47a4879a89f0c8e7b5d7f6dc3|5pSS_43856006|PAS_43855670,bad,MSNKCDVVVVGGGISGMAAAKLLHDSGLNVVVLEARDRVGGRTYTLRNQKVKYVDLGGSYVGPTQNRILRLAKELGLETYKVNEVERLIHHVKGKSYPFRGPFPPVWNPITYLDHNNFWRTMDDMGREIPSDAPWKAPLAEEWDNMTMKELLDKLCWTESAKQLATLFVNLCVTAETHEVSALWFLWYVKQCGGTTRIISTTNGGQERKFVGGSGQVSERIMDLLGDRVKLERPVIYIDQTRENVLVETLNHEMYEAKYVISAIPPTLGMKIHFNPPLPMMRNQMITRVPLGSVIKCIVYYKEPFWRKKDYCGTMIIDGEEAPVAYTLDDTKPEGNYAAIMGFILAHKARKLARLTKEERLKKLCELYAKVLGSLEALEPVHYEEKNWCEEQYSGGCYTTYFPPGILTQYGRVLRQPVDRIYFAGTETATHWSGYMEGAVEAGERAAREILHAMGKIPEDEIWQSEPESVDVPAQPITTTFLERHLPSVPGLLRLIGLTTIFSATALGFLAHKRGLLVRV,MSNKCDVVVVGGGISGQIPECWGEMLFLHGDGRHVLSLQI,expression of isoform is 0
fe3fb552-6716-4741-b851-9bb6cd358940,138,PAS_22397868,ADGRA3,ENSG00000152990.14,ENST00000334304.10,novel_ENSG00000152990.14|UE_ed4fa8ff91d3851d98b5bd57caa554a5|5pSS_22398138|PAS_22397868,bad,MEPPGRRRGRAQPPLLLPLSLLALLALLGGGGGGGAAALPAGCKHDGRPRGAGRAAGAAEGKVVCSSLELAQVLPPDTLPNRTVTLILSNNKISELKNGSFSGLSLLERLDLRNNLISSIDPGAFWGLSSLKRLDLTNNRIGCLNADIFRGLTNLVRLNLSGNLFSSLSQGTFDYLASLRSLEFQTEYLLCDCNILWMHRWVKEKNITVRDTRCVYPKSLQAQPVTGVKQELLTCDPPLELPSFYMTPSHRQVVFEGDSLPFQCMASYIDQDMQVLWYQDGRIVETDESQGIFVEKNMIHNCSLIASALTISNIQAGSTGNWGCHVQTKRGNNTRTVDIVVLESSAQYCPPERVVNNKGDFRWPRTLAGITAYLQCTRNTHGSGIYPGNPQDERKAWRRCDRGGFWADDDYSRCQYANDVTRVLYMFNQMPLNLTNAVATARQLLAYTVEAANFSDKMDVIFVAEMIEKFGRFTKEEKSKELGDVMVDIASNIMLADERVLWLAQREAKACSRIVQCLQRIATYRLAGGAHVYSTYSPNIALEAYVIKSTGFTGMTCTVFQKVAASDRTGLSDYGRRDPEGNLDKQLSFKCNVSNTFSSLALKNTIVEASIQLPPSLFSPKQKRELRPTDDSLYKLQLIAFRNGKLFPATGNSTNLADDGKRRTVVTPVILTKIDGVNVDTHHIPVNVTLRRIAHGADAVAARWDFDLLNGQGGWKSDGCHILYSDENITTIQCYSLSNYAVLMDLTGSELYTQAASLLHPVVYTTAIILLLCLLAVIVSYIYHHSLIRISLKSWHMLVNLCFHIFLTCVVFVGGITQTRNASICQAVGIILHYSTLATVLWVGVTARNIYKQVTKKAKRCQDPDEPPPPPRPMLRFYLIGGGIPIIVCGITAAANIKNYGSRPNAPYCWMAWEPSLGAFYGPASFITFVNCMYFLSIFIQLKRHPERKYELKEPTEEQQRLAANENGEINHQDSMSLSLISTSALENEHTFHSQLLGASLTLLLYVALWMFGALAVSLYYPLDLVFSFVFGATSLSFSAFFVVHHCVNREDVRLAWIMTCCPGRSSYSVQVNVQPPNSNGTNGEAPKCPNSSAESSCTNKSASSFKNSSQGCKLTNLQAAAAQCHANSLPLNSTPQLDNSLTEHSMDNDIKMHVAPLEVQFRTNVHSSRHHKNRSKGHRASRLTVLREYAYDVPTSVEGSVQNGLPKSRLGNNEGHSRSRRAYLAYRERQYNPPQQDSSDACSTLPKSSRNFEKPVSTTSKKDALRKPAVVELENQQKSYGLNLAIQNGPIKSNGQEGPLLGTDSTGNVRTGLWKHETTV,MEPPGRRRGRAQPPLLLPLSLLALLALLGGGGGGGAAALPAGCKHDGRPRGAGRAAGAAEGKVVCSSLELAQVLPPDTLPNRTVTLILSNNKISELKNGSFSGLSLLERLDLRNNLISSIDPGAFWGLSSLKRLDLTNNRIGCLNADIFRGLTNLVRLNLSGNLFSSLSQGTFDYLASLRSLEFQTEYLLCDCNILWMHRWVKEKNITVRDTRCVYPKSLQAQPVTGVKQELLTCDPPLELPSFYMTPSHRQVVFEGDSLPFQCMASYIDQDMQVLWYQDGRIVETDESQGIFVEKNMIHNCSLIASALTISNIQAGSTGNWGCHVQTKRGNNTRTVDIVVLESSAQYCPPERVVNNKGDFRWPRTLAGITAYLQCTRNTHGSGIYPGNPQDERKAWRRCDRGGFWADDDYSRCQYANDVTRVLYMFNQMPLNLTNAVATARQLLAYTVEAANFSDKMDVIFVAEMIEKFGRFTKEEKSKELGDVMVDIASNIMLADERVLWLAQREAKACSRIVQCLQRIATYRLAGGAHVYSTYSPNIALEAYVIKSTGFTGMTCTVFQKVAASDRTGLSDYGRRDPEGNLDKQLSFKCNVSNTFSSLALKNTIVEASIQLPPSLFSPKQKRELRPTDDSLYKLQLIAFRNGKLFPATGNSTNLADDGKRRTVVTPVILTKIDGVNVDTHHIPVNVTLRRIAHGADAVAARWDFDLLNGQGGWKSDGCHILYSDENITTIQCYSLSNYAVLMDLTGSELYTQAASLLHPVVYTTAIILLLCLLAVIVSYIYHHSLIRISLKSWHMLVNLCFHIFLTCVVFVGGITQTRNASICQAAVTTHL,expression of isoform is 0
76ac10f3-0299-4c25-b241-812f90a7d1d6,139,chr3:197563470:-:197563451:197563493:105.76854617131576:42,BDH1,ENSG00000161267.12,ENST00000431056.5,novel_ENSG00000161267.12|UE_5742097eaa9e0eaee283b6fa4980867f|5pSS_197564096|PAS_197563492,bad,MLATRLSRPLSRLPGKTLSACDRENGARRPLLLGSTSFIPIGRRTYASAAEPVGSKAVLVTGCDSGFGFSLAKHLHSKGFLVFAGCLMK,MKSGCHPG*SAVARSQLTATSASWVQAILLPQLSK*L*LQ*PTTTPG*FLYF**RWDFTMLTRLVSNS*PQVICLPQPPKVLGLQV*ATAPSHNFLYISFIFLVPFILF*T*PLNKL*IRQKLFIFLKMTHFLKRMFSYKYIFIGKYPYNEISIT*FNITLDSKL*VCLQVLHSPNYFNCFR*FMKTVIVII*SYGTIIAK,
ce954e33-e1ab-4def-b5ef-82c58a6f0806,128,PAS_94728653,CYP2C18_novel,ENSG00000276490.1,ENST00000464755.1,novel_ENSG00000276490.1|UE_6b13cb9c3fed9628068df535601ddbb0|5pSS_94728555|PAS_94728653,bad,KEIRRFCLMTLRNFGMGKRSIEDRVQEEARCLVEELRKTNASPCDPTFILGCAPCNVICSVIFHDRFDYKDQRFLNLMEKFNENLRILSSPWIQVCNNFPALIDYLPGSHNKIAENFAYIKSYVLERIKEHQESLDMNSARDFIDCFLIKMEQEKHNQQSEFTVESLIATVTDMFGAGTETTSTTLRYGLLLLLKYPEVTAKVQEEIECVVGRNRSPCMQDRSHMPYTDAVVHEIQRYIDLLPTNLPHAVTCDVKFKNYLIPKGTTIITSLTSVLHNDKEFPNPEMFDPGHFLDKSGNFKKSDYFMPFSAALKNLWPCVHSVFWPGTHGGAAWI,KEIRRFCLMTLRNFGMGKRSIEDRVQEEARCLVEELRKTNASPCDPTFILGCAPCNVICSVIFHDRFDYKDQRFLNLMEKFNENLRILSSPWIQVCNNFPALIDYLPGSHNKIAENFAYIKSYVLERIKEHQESLDMNSARDFIDCFLIKMEQEKHNQQSEFTVESLIATVTDMFGAGTETTSTTLRYGLLLLLKYPEVTAKVQEEIECVVGRNRSPCMQDRSHMPYTDAVVHEIQRYIDLLPTNLPHAVTCDVKFKNYLIPKVGFISDEEFPHVF*LKETYSISVINPSINFSV,NMD
cdd3341f-b11c-4b79-b1bc-fd0bc958983a,135,PAS_43855670,MAOB,ENSG00000069535.14,ENST00000487544.1,novel_ENSG00000069535.14|UE_44da9269af0cfbf408ec4ff83be25708|5pSS_43856006|PAS_43855670,bad,MVPTTLRAGFPLPVCQLPCQFLLETPSQGHPETMLHLPSRYPTIQSS-HLKLTITMGMAAAKLLHDSGLNVVVLEARDRVGGRTYTLRNQKVKYVDLGGSYVGPTQNRILRLAKELGLETYKVNEVERLIHHVKGKSYPFRGPFPPVWNPITYLDHNNFWRTMDDMGREIPSDAPWKAPLAEEWDNMTMKELLDKLCWTESAKQLATLFVNLCVTAET,MSNKCDVVVVGGGISGQIPECWGEMLFLHGDGRHVLSLQI-AAARDTDCRLKQGELAPKHWDRGHLLVKAASKKTYLFPYPFLLLPTGHLP-WCLPREPYLCLFSLHLFICFKFCMQGPF-LSQ-NK ,
,72,PAS_68379070,LRP5,ENSG00000162337.12,,novel_ENSG00000162337.12|UE_4f31e4bd278f624cefc26db2ee48129b|5pSS_68375230|PAS_68379070,bad,,,
,70,PAS_119385992,HAO2,ENSG00000116882.15,,novel_ENSG00000116882.15|UE_fb8b8f1e5c17e3712988bcd562388855|5pSS_119385144|PAS_119385992,bad,,,
c1224885-8e33-45f5-a9ee-431c9b79fb9e,138,PAS_22397868,ADGRA3,ENSG00000152990.14,,novel_ENSG00000152990.14|UE_36567a6493c7938799ec9290e0bf34ec|5pSS_22398138|PAS_22397868,bad,,,
cdd3341f-b11c-4b79-b1bc-fd0bc958983a,135,PAS_43855670,MAOB,ENSG00000069535.14,ENST00000468431.1,novel_ENSG00000069535.14|UE_2fbc7ae8bd8b659c6c9930810da82be1|5pSS_43856006|PAS_43855670,bad,,,no CDS defined
